cccd566a1a549b61f8232d0c9c8c2d6957be7108,0a648ad37c90,d51ecafa6875,None,gingerbread,pie-s2-release
d7f59d4c915626c238d58c4d94120e3c145c648b,106886191297,4d53cb02168f,None,gingerbread,pie-s2-release
659936beae693885ba16727a562298eb1651839a,d9821c99d7db,f0f1ceeb517f,None,gingerbread,pie-s2-release
d732eddf709d302ef22cf5c0748aeafd5c71696e,a799afd72ffc,c3fba3be7466,None,gingerbread,pie-s2-release
0352af015fa313a1be3deda6956fa4bcd8f50e66,f1df5d9d3fc0,322891c689c8,None,gingerbread,pie-s2-release
87222f38122e144957baa667d646cb1cdd56eab5,3b3592d8e0f7,4ddd99090e37,None,gingerbread,pie-s2-release
c01ac27b56dd9cd75a8be654b242c71618049b42,2b6c6c5de6b5,65aef1517b07,None,gingerbread,pie-s2-release
ce9c0447f946d8fe20d020f01b6548c815579848,0e7ab2f53303,6bcc7a7e5fc5,None,jellybean,pie-s2-release
0e7ab2f533037698b4ab4255828fa2e08f90566f,38544aabce9f,ec721fd1db4d,None,jellybean,pie-s2-release
b95e715706d92e7c3225737115919c115c957de4,5d29366790e8,6ff3f8add873,None,jellybean,pie-s2-release
