71eaec67f0e104b979e80601aec9e706929ac066,d8d1fc3c83c,364f8659df3,None,backup-stable-lollipop-10-25,
5cb4f98d5a9c947879522bc3fb15120fcaa32308,46c167ba5f0,a4f1399e03f,None,backup-stable-lollipop-10-25,
a4f1399e03ffcae84490e73b7d522cc2dcc57cdc,fdc4adafa26,90985d768b2,None,backup-stable-lollipop-10-25,
3ed14645bd6da291285e3ce093be90dc822b4c9c,5b9e88201cc,18ef07287af,None,backup-stable-lollipop-10-25,
18ef07287afa5e71063962e1d6dc1a2e1502bf5c,00fa4d1cfca,8f1e21efb5c,None,backup-stable-lollipop-10-25,
98444e46a499f8d6120df63848e286c173cefa01,ea86dd65eca,ade32e065db,None,backup-stable-lollipop-10-25,
ade32e065db97dcf0cd2b95bb6f1352de26ff54a,5db8dfd1412,2be33fba224,None,backup-stable-lollipop-10-25,
70395243b480c58c9c329e969f9f1a78aef52ec5,f0e6f798f0c,66b7fe79563,None,backup-stable-lollipop-10-25,
af410d92f4903cdeb5a5a8ebd362b63caf753210,6cb0d810e44,3fc59dc0f7b,None,backup-stable-lollipop-10-25,
3fc59dc0f7bccb1a165e09bf7130cd62622f4884,393e7d1ee61,947a30ea866,None,backup-stable-lollipop-10-25,
393e7d1ee61999d55bae3a361a45a5df2a8a2432,ff465d66db4,89bd87e2b56,None,backup-stable-lollipop-10-25,
e38f203d03bd80767f00b3b8fd04e70a6c3319e0,24f9a20d39a,a9e9a3067a7,None,backup-stable-lollipop-10-25,
24f9a20d39a69701d3806b1ecafa4125b6b811f6,c7486a77c93,264486c9ece,None,backup-stable-lollipop-10-25,
c7486a77c9392f972e36d2ced44f567441a67e99,b4ccc102229,df16c1a9c12,None,backup-stable-lollipop-10-25,
81c9f020f24f914db6d899d4e21c93bcd8791790,76cc49d37df,29456fcfa33,None,backup-stable-lollipop-10-25,
9737a8a7de757ba36c122e8762925887df5b328b,8ff69d2e894,fc0c97d4681,None,backup-stable-lollipop-10-25,
e935fb5e8b9363ed1aa766a625390be9c227f57d,1ee955b3ad7,968c5860b9b,None,backup-stable-lollipop-10-25,
18382239ab9a390ac56696521ee2246116ab5577,fe1b67d2dc0,8c5414ab960,None,backup-stable-lollipop-10-25,
3a10d7c146a71ddc3afc0c7d99a5305dbb58663b,8bb41cdd76f,cdf131d2ecd,None,backup-stable-lollipop-10-25,
cdf131d2ecd66ac58f1a45f13050553a1a7fcf49,d32171a91e4,6bba662a856,None,backup-stable-lollipop-10-25,
fd791350007afd089221853dbc28c3f625356046,336ef58c74a,28f584e1aba,None,backup-stable-lollipop-10-25,
28f584e1aba3eabc8aae2f645789d1fedfa8b1e3,7ebaf9f0b47,f7e05460d84,None,backup-stable-lollipop-10-25,
7ebaf9f0b474c4d7d9724490881bd43f67423af9,d1dce33db8e,5fe7ff2e57f,None,backup-stable-lollipop-10-25,
ca86bf63878040d97e608f5dfb31869bb5ad38fb,3516d1b6471,59e7bb296e7,None,backup-stable-lollipop-10-25,
59e7bb296e7d696b5b33f5aecc8ae28c1757c17a,f91f82b44db,73857ae528c,None,backup-stable-lollipop-10-25,
f91f82b44dbc2076fb0453a7ac4cf374bc5a366a,37214d856d5,8ed41ee0fae,None,backup-stable-lollipop-10-25,
0a04847d69ce355512d80d22c7545c47c03469a5,da2dd7a7078,4befd1d57d9,None,backup-stable-lollipop-10-25,
8290c9523a8f903def53b3d61e703f476ce7203b,3cc62fc7f5f,f2371ddfe4c,None,backup-stable-lollipop-10-25,
f2371ddfe4cd0cd1333279f0cf4e4685cd66ba1b,ac7124bcade,5ab7d2ca601,None,backup-stable-lollipop-10-25,
6aeba25f914436b13a87c53c8f11032b60e15811,0aab06a634b,ca72c5668e2,None,backup-stable-lollipop-10-25,
ca72c5668e21121feb11cc47993a8ad7df0e0188,4333bc690e5,82890963228,None,backup-stable-lollipop-10-25,
8570ff9930304637c696e1d36be9a356a48bb133,43e81fb6c52,4333bc690e5,None,backup-stable-lollipop-10-25,
381753ce502c5fb0220554dd97a51582ad1a9fac,3d1f7bd4e5b,b61cb705c1b,None,backup-stable-lollipop-10-25,
dad6a18cad66cc00f9028a134075341286c05df3,5ff13ea4f5a,484925e7ac7,None,backup-stable-lollipop-10-25,
484925e7ac7ab4f37a28471274dbfe5e9ade3cf8,ef24dd31ada,169fe476551,None,backup-stable-lollipop-10-25,
a357a5278a165cca3c6153123c490c688c1bb338,9140fc50f6c,be66607e6d6,None,backup-stable-lollipop-10-25,
9140fc50f6c1983bbaf04d2eed03f996722ab132,709b06c9fa5,1ae12997a5a,None,backup-stable-lollipop-10-25,
dfee9b082a4263e558691e6b666f3e8cdddd2d7e,fe0b1cc0b66,bde378a5fd6,None,backup-stable-lollipop-10-25,
0c2df8c86e746dc0bcf7737295b97d39dbe37080,c4f0eae52e7,32a2eafa0f3,None,backup-stable-lollipop-10-25,
c1fbd0fd89c3cba594e8f5613cbda678b62c5ac0,4d058ddbe96,64c3c8b17d3,None,backup-stable-lollipop-10-25,
5b47cf1953c9e7b877b3dbe8c32958ddc515a5c5,eb5990edc49,85313d89b85,None,backup-stable-lollipop-10-25,
92ce7cb25d90228ec16ced13bb59db7d4c7c47c5,99dc5293988,d0fb646ea61,None,backup-stable-lollipop-10-25,
c4532546363cc6044e7b369334ad5d0ee8081f9f,f358688df04,7f887b72003,None,backup-stable-lollipop-10-25,
66e89b090138d97cb323cd6c3223c62e47d178e6,a62e4a6b9c4,243fccae929,None,backup-stable-lollipop-10-25,
a62e4a6b9c43d98077df1b3ec0c41ef6918ef592,8662356f2ce,b418fda8bc5,None,backup-stable-lollipop-10-25,
ed3a1d7881f5487187f3cd1651f84c522ae02671,da102863da4,8c5d74df31d,None,backup-stable-lollipop-10-25,
5671cb8c25120efca86eb44d39db5d4a2d3a0194,5d1734c06c8,3de7157883a,None,backup-stable-lollipop-10-25,
3de7157883a90aa5a3cf4f07c24c3fc5f5942994,76dcd2746d5,6332002e2a1,None,backup-stable-lollipop-10-25,
4231b2178a6d7d000e2b1781d9dd80d6627747e5,ddb72b1b46a,0c17ed3acfb,None,backup-stable-lollipop-10-25,
0c17ed3acfbea567bdd445d810827f81626c6c4b,922e57703a6,4c377c33560,None,backup-stable-lollipop-10-25,
7a609dfc09d26320f7a716ad9fc4205cbde161ec,799e1c74243,c927cbf3a9d,None,backup-stable-lollipop-10-25,
d8a02ad5962b63908a9418e00a22fe89c1eb65fb,3058c0f6eb0,7299ef11aff,None,backup-stable-lollipop-10-25,
ea9cac2e577410651b0912f5087e235887a32859,b9444b53083,094a0e08e66,None,backup-stable-lollipop-10-25,
22be7b246ad3e79da9020fed6f342e557c199737,2ad2ddcb0fd,52ce12cf7c5,None,backup-stable-lollipop-10-25,
52ce12cf7c5b881a689b5552adfdd777b74d9f8f,dcb56f11662,f2e560efc63,None,backup-stable-lollipop-10-25,
b482486f9c23f61f232b9a40d871fe32aac3150b,2beaf2a0475,19d8307e6ed,None,backup-stable-lollipop-10-25,
19d8307e6ed3d43b1568a9770e787e2e67833f29,9c170fd5a40,e2dc7d81366,None,backup-stable-lollipop-10-25,
34b65f7b53cdcf36b6648c2d73bbec4ba5d9da41,e0c0639e8f0,ec647d20cb1,None,backup-stable-lollipop-10-25,
6a695a79be81e3fc7958c68fc78c408fe93197bb,815afebebde,cbfc92bdabe,None,backup-stable-lollipop-10-25,
d6714ecc000dde41bcf262d338c9655727db6b4f,d3c85ae16af,8288de4e2de,None,backup-stable-lollipop-10-25,
12d76c7263151ae790e917fcbff3da5b33ffb485,06ac782a137,6919e0c634f,None,backup-stable-lollipop-10-25,
939671db7afa4b3d32c59473720976d2bda732a2,c0de0071852,cde13b41c28,None,backup-stable-lollipop-10-25,
07012ff776caa6c3aacb58e99fd3dddd0a25fb4d,14157c9334d,6455b979b32,None,backup-stable-lollipop-10-25,
14157c9334dbb0a7ce655717e62bac1acfc6ad2b,47d8424cd49,ac1f9249e1d,None,backup-stable-lollipop-10-25,
47d8424cd498c9cf69e37c4ccd286c2aa6955fe7,468101990f5,cd441d69f8a,None,backup-stable-lollipop-10-25,
1fec53c69761d41c89391f7ede8aff628ccd7de3,67eedc4bcf4,15983091de4,None,backup-stable-lollipop-10-25,
88b8e29bfb759bfcd91d4b50f8aee1ba0ec4ed17,b0310ce4014,45f9a70035b,None,backup-stable-lollipop-10-25,
f1a875be91605781492ff14c0fe171e98f7c37c1,fd548db9e11,2187bfc499a,None,backup-stable-lollipop-10-25,
1cc2cb93d3c0d5ea7d9e7b01596474aac860f593,c27262d7908,c79925e5c55,None,backup-stable-lollipop-10-25,
95675313b1abf790c8b612de4c8470dac42dafa2,508e94c2f14,7a287957f38,None,backup-stable-lollipop-10-25,
7a287957f38f8d9392dc8ca426d8ceb5068decc4,0fde0659063,2833082f701,None,backup-stable-lollipop-10-25,
bf1d7cfbb33fbfdbe42b9b37371c27ecb40af926,2c949e37781,007b6a02369,None,backup-stable-lollipop-10-25,
2c949e37781b219fe5428e9a0c363ad085c3697c,49967ea3d97,ec727b492b2,None,backup-stable-lollipop-10-25,
28276e0a4e32453031364e6ddc696da34fa3dd59,724c657c573,06dbe59e934,None,backup-stable-lollipop-10-25,
007de2baa2716e6f3cc4cf97dd281eb40b8e1150,4c068e176e4,180b67fd55e,None,kitkat1,
96e3ff0582eb11304a865bd5b8122fda8c9ae6dd,182d5ac07de,74f7faaf04d,None,kitkat1,
ace4fea147ef67bddc29ea8e815bc668c09586a7,98067cd12b7,773398da1b2,None,kitkat1,
9be9a0d8fa7888bb10bf1fad51d56dedceecde71,bc0eadc8405,a660adf6319,None,kitkat1,
bc0eadc84050bddf1cf9e0d9a5544ea584f265f1,a9d1f891cb5,a85e60192e2,None,kitkat1,
a85e60192e23f3dc9babba51c7ee4e89dd7d6e27,905ce17b803,5d67d70f2f0,None,kitkat1,
75afcd43c5c38f728ea081bc6cf0718f87582bc1,adadc5acf61,63ffef3f89e,None,kitkat1,
63ffef3f89e7ffb12c9777d5512cd978baa4c32c,c96710d8e01,4ab50152f63,None,kitkat1,
4379aae10e1439dc0a2a3e207a174dc839fb8024,144d3d63258,e8496b49053,None,kitkat1,
75b3a12715126508733c3bb3e042d9ab05f26d37,9ecf58c51d8,29f950dc2f5,None,kitkat1,
0d2a12ea97d80211269d6bf44298cf6fd3905258,c548c4f1557,443ece99257,None,kitkat1,
443ece992571630d0f4bee1dbea27c4b0e22ac25,c24d8f4a05c,32b467d14c2,None,kitkat1,
30116e1f1c00b1ea13cd5ba2cfa99db43964026a,cd528897d09,41c6a389352,None,kitkat1,
65e012d9455390be094bbeefbfc7adfdccb38550,47fcc2c3e64,117e396f1fa,None,kitkat1,
2b9c821d3f46c7ad831fbeee09b77cb4912949c8,131a9c7fcd2,fcbb6ec458e,None,kitkat1,
6dceb02c384b943fd4e0c74366bda08eaa0e6977,aa2f152cf93,78de4a49060,None,kitkat1,
27729d10592e19289e2a44daa465e17ba21cebe9,bcd54022247,2e2427562a0,None,kitkat1,
ec8f930242964b53c10a2369fe7e7ad7ccd19171,b59088d7bc6,ab5eb58b835,None,kitkat1,
ccfdc8411e24d7a1379b61b7bcdfc152ddf52e8a,533c393a8b2,00716838246,None,kitkat1,
c084bf39dc49cd432e7260a6e14501d6b6fe1ca1,000cc609da3,bb9b9f64da8,None,kitkat1,
d70cb38fead7e393cdfa8b0da56390486c656a20,00adefc44f1,60771c2f6fd,None,kitkat1,
2690548096236093b709b2bfd88ba155097b6e43,bdc0442cb8c,9ef903eeb47,None,kitkat1,
7af259cffe90a91317205694317a55cec92fd742,ddafad484a6,58aedd8f6f7,None,kitkat1,
076960b3dacafa435a40578abf4b58353346e080,30db52660ed,974f74ae38e,None,kitkat1,
4af55c3e85c783f0e655248f76ba2d8f3d2c224d,09fd05efeed,de27e52696a,None,kitkat1,
b1ab49a7db90843cb1f390fc6c6b152f09a572e8,104b69b06b3,8b92815d201,None,kitkat1,
55edd7d7675fa33a2e07e8d2bbf33545ed621612,55bfcd46d04,4534f81029f,None,kitkat1,
4534f81029ffda894e1bcf588c36ab906df0e459,c0d2f442236,2b8c0a15bd6,None,kitkat1,
b8f486665e2629b6730dc2c0a736c85d9027e611,2d8ae1e733e,5c8cbf821d8,None,kitkat1,
