Merge,Conflicts,Javas,AST
35fa949362e35d8514c64a645b6448424f174c82,10,8,"[['packages/SystemUI/src/com/android/systemui/statusbar/policy/NetworkControllerImpl.java', [[170, 171, 2, 0]], [[167, 174, 8, 0]]], ['core/java/android/bluetooth/BluetoothAdapter.java', [[1204, 1207, 4, 8]], [[1198, 1203, 6, 17]]], ['packages/SystemUI/tests/src/com/android/systemui/statusbar/notification/stack/NotificationStackScrollLayoutTest.java', [[144, 146, 3, 8]], [[144, 146, 3, 8]]], ['services/core/java/com/android/server/BluetoothManagerService.java', [[1799, 1799, 1, 1], [1809, 1819, 11, 23], [1832, 1851, 20, 38], [1990, 1992, 3, 7], [2030, 2031, 2, 6], [1832, 1832, 1, 3], [2181, 2181, 1, 5], [2473, 2533, 61, 109], [1819, 1819, 1, 3]], [[1674, 1676, 3, 3], [1686, 1687, 2, 7], [1700, 1709, 10, 27], [1838, 1846, 9, 25], [1686, 1687, 2, 7], [1700, 1701, 2, 7], [2018, 2020, 3, 9], [2289, 2292, 4, 10], [2346, 2353, 8, 17]]], ['packages/SystemUI/src/com/android/systemui/CornerHandleView.java', [[158, 159, 2, 10]], [[155, 156, 2, 8]]], ['packages/SystemUI/src/com/android/keyguard/CarrierTextController.java', [[78, 80, 3, 0]], [[0, 0, 0, 0]]], ['core/java/android/app/ActivityManagerInternal.java', [[349, 350, 2, 6]], [[348, 349, 2, 6]]], ['telephony/java/android/telephony/CarrierConfigManager.java', [[3688, 3689, 2, 0]], [[3705, 3705, 1, 0]]]]"
799030b703da27e7117eba75c2ca753b0e976a8d,96,5,"[['core/java/android/bluetooth/BluetoothCodecConfig.java', [[553, 556, 4, 5]], [[0, 0, 0, 0]]], ['telephony/java/android/telephony/CarrierConfigManager.java', [[2847, 2860, 14, 0], [3630, 3633, 4, 0]], [[2849, 2856, 8, 0], [3618, 3618, 1, 0]]], ['telephony/java/android/telephony/ServiceState.java', [[990, 990, 1, 2]], [[990, 990, 1, 2]]], ['packages/SettingsLib/src/com/android/settingslib/wifi/WifiTracker.java', [[598, 604, 7, 19]], [[584, 603, 20, 53]]], ['packages/SettingsLib/src/com/android/settingslib/wifi/AccessPoint.java', [[203, 206, 4, 0], [750, 750, 1, 2], [1820, 1820, 1, 4], [1851, 1862, 12, 25], [1870, 1876, 7, 9]], [[195, 195, 1, 0], [774, 844, 71, 102], [0, 0, 0, 0], [1701, 1723, 23, 87], [1731, 1731, 1, 1]]]]"
efe5cc44da2c1772c733a6740a761b3b42969db4,40,36,"[['packages/SystemUI/src/com/android/systemui/statusbar/policy/NetworkController.java', [[55, 57, 3, 19]], [[72, 77, 6, 19]]], ['telephony/java/android/telephony/DisconnectCause.java', [[336, 429, 94, 0], [642, 705, 64, 64]], [[336, 354, 19, 0], [524, 529, 6, 6]]], ['packages/SystemUI/src/com/android/systemui/statusbar/notification/collection/NotificationEntry.java', [[0, 0, 0, 0], [225, 248, 24, 30]], [[165, 169, 5, 0], [0, 0, 0, 0]]], ['packages/SystemUI/src/com/android/systemui/doze/DozeFactory.java', [[0, 0, 0, 0], [75, 75, 1, 7]], [[32, 33, 2, 0], [78, 79, 2, 9]]], ['services/core/java/com/android/server/audio/AudioDeviceInventory.java', [[854, 854, 1, 5]], [[815, 815, 1, 3]]], ['services/core/java/com/android/server/locksettings/LockSettingsService.java', [[1799, 1807, 9, 26]], [[1799, 1799, 1, 7]]], ['packages/SystemUI/src/com/android/systemui/statusbar/phone/StatusBar.java', [[1218, 1218, 1, 5]], [[1246, 1246, 1, 3]]], ['packages/SystemUI/src/com/android/systemui/statusbar/phone/BiometricUnlockController.java', [[136, 145, 10, 0]], [[0, 0, 0, 0]]], ['packages/SettingsLib/src/com/android/settingslib/bluetooth/CachedBluetoothDevice.java', [[855, 855, 1, 3]], [[807, 807, 1, 3]]], ['packages/SystemUI/src/com/android/systemui/doze/DozeSensors.java', [[0, 0, 0, 0], [0, 0, 0, 0]], [[291, 291, 1, 0], [302, 302, 1, 3]]], ['packages/SystemUI/tests/src/com/android/systemui/keyguard/KeyguardSliceProviderTest.java', [[0, 0, 0, 0]], [[52, 53, 2, 0]]], ['packages/SystemUI/src/com/android/systemui/statusbar/notification/row/wrapper/NotificationMediaTemplateViewWrapper.java', [[72, 72, 1, 0], [224, 239, 16, 25]], [[71, 71, 1, 0], [255, 262, 8, 17]]], ['packages/SystemUI/tests/src/com/android/systemui/qs/QSCarrierGroupTest.java', [[175, 175, 1, 10]], [[175, 175, 1, 10]]], ['telephony/java/android/telephony/CarrierConfigManager.java', [[847, 853, 7, 0], [2334, 2337, 4, 0], [3184, 3184, 1, 0]], [[0, 0, 0, 0], [2349, 2353, 5, 0], [0, 0, 0, 0]]], ['packages/SystemUI/tests/src/com/android/systemui/statusbar/policy/NetworkControllerBaseTest.java', [[352, 353, 2, 9], [385, 388, 4, 13]], [[380, 380, 1, 6], [412, 413, 2, 10]]], ['packages/SystemUI/src/com/android/systemui/statusbar/NotificationShelf.java', [[515, 516, 2, 10], [755, 757, 3, 13]], [[497, 502, 6, 10], [741, 744, 4, 13]]], ['packages/SystemUI/src/com/android/systemui/classifier/FalsingManagerProxy.java', [[0, 0, 0, 0]], [[16, 16, 1, 0]]], ['packages/SystemUI/src/com/android/systemui/statusbar/phone/NotificationPanelView.java', [[0, 0, 0, 0], [3137, 3159, 23, 18]], [[42, 42, 1, 0], [3485, 3486, 2, 7]]], ['packages/SystemUI/src/com/android/systemui/qs/QSCarrierGroup.java', [[208, 210, 3, 12]], [[210, 212, 3, 12]]], ['packages/SystemUI/tests/src/com/android/systemui/statusbar/policy/CallbackHandlerTest.java', [[125, 126, 2, 14], [141, 144, 4, 16]], [[126, 127, 2, 14], [144, 145, 2, 14]]], ['services/core/java/com/android/server/wm/ActivityStack.java', [[3246, 3251, 6, 12]], [[3205, 3207, 3, 5]]], ['packages/SystemUI/src/com/android/systemui/keyguard/KeyguardSliceProvider.java', [[0, 0, 0, 0], [232, 235, 4, 13]], [[56, 57, 2, 0], [233, 239, 7, 22]]], ['telephony/java/com/android/internal/telephony/SmsCbMessage.java', [[107, 110, 4, 0], [71, 71, 1, 0]], [[107, 107, 1, 0], [0, 0, 0, 0]]], ['packages/SystemUI/src/com/android/systemui/qs/tiles/CellularTile.java', [[251, 253, 3, 18]], [[257, 260, 4, 18]]], ['packages/SystemUI/src/com/android/systemui/statusbar/phone/StatusBarSignalPolicy.java', [[179, 181, 3, 18], [391, 392, 2, 0]], [[180, 183, 4, 18], [392, 392, 1, 0]]], ['telephony/java/android/provider/Telephony.java', [[124, 124, 1, 0], [124, 124, 1, 0]], [[0, 0, 0, 0], [0, 0, 0, 0]]], ['services/core/java/com/android/server/WiredAccessoryManager.java', [[797, 797, 1, 8]], [[541, 541, 1, 7]]], ['packages/SystemUI/src/com/android/systemui/statusbar/phone/LockIcon.java', [[231, 249, 19, 55]], [[282, 283, 2, 4]]], ['packages/SystemUI/src/com/android/systemui/statusbar/policy/CallbackHandler.java', [[127, 138, 12, 52]], [[124, 132, 9, 46]]], ['services/core/java/com/android/server/audio/AudioDeviceBroker.java', [[957, 961, 5, 0]], [[930, 932, 3, 0]]], ['packages/SystemUI/src/com/android/systemui/statusbar/notification/stack/StackScrollAlgorithm.java', [[504, 505, 2, 8]], [[502, 502, 1, 6]]], ['packages/SystemUI/src/com/android/systemui/statusbar/phone/PanelView.java', [[53, 54, 2, 0]], [[0, 0, 0, 0]]], ['packages/SystemUI/src/com/android/systemui/statusbar/notification/stack/NotificationStackScrollLayout.java', [[510, 510, 1, 0], [1360, 1363, 4, 10], [2537, 2537, 1, 6]], [[503, 505, 3, 0], [410, 410, 1, 0], [2578, 2580, 3, 11]]], ['packages/SystemUI/src/com/android/systemui/classifier/brightline/BrightLineFalsingManager.java', [[47, 50, 4, 0], [0, 0, 0, 0], [0, 0, 0, 0], [0, 0, 0, 0]], [[50, 54, 5, 0], [107, 107, 1, 2], [170, 173, 4, 8], [333, 333, 1, 3]]], ['packages/SystemUI/src/com/android/systemui/statusbar/policy/MobileSignalController.java', [[0, 0, 0, 0], [472, 474, 3, 11], [887, 887, 1, 5], [980, 1044, 65, 31], [1076, 1079, 4, 0], [1095, 1097, 3, 9], [1115, 1117, 3, 19], [1133, 1135, 3, 12]], [[327, 329, 3, 13], [355, 357, 3, 11], [669, 669, 1, 5], [741, 745, 5, 13], [777, 777, 1, 0], [793, 793, 1, 3], [811, 811, 1, 5], [827, 827, 1, 4]]], ['packages/SystemUI/src/com/android/systemui/classifier/brightline/ProximityClassifier.java', [[22, 23, 2, 0]], [[0, 0, 0, 0]]]]"
1a06b5ab8af3c54728101c4dff83c8b5a6113ba9,1,1,"[['packages/SettingsLib/src/com/android/settingslib/bluetooth/CachedBluetoothDevice.java', [[854, 857, 4, 11]], [[807, 808, 2, 9]]]]"
6cd401a9f8725b2f40aba5680590169efefbe6c1,1,0,[]
d9fdf7757f00d54aed67f4370e4479adf48e11af,1,1,"[['core/java/com/android/internal/os/ZygoteInit.java', [[191, 202, 12, 20]], [[0, 0, 0, 0]]]]"
6445e9361550e1306d29713dd600481e125f88a8,1,1,"[['core/java/com/android/internal/os/ZygoteInit.java', [[191, 194, 4, 9]], [[191, 196, 6, 11]]]]"
188a21cc8ac704f36fd3f2984b4da86307ab7949,1,1,"[['packages/SystemUI/src/com/android/systemui/statusbar/policy/MobileSignalController.java', [[868, 868, 1, 5]], [[569, 569, 1, 5]]]]"
3454c1e1aa1d155fe2246ce2627cf58e934397e9,2,2,"[['services/core/java/com/android/server/audio/AudioDeviceInventory.java', [[574, 622, 49, 119]], [[0, 0, 0, 0]]], ['services/core/java/com/android/server/am/ActivityManagerConstants.java', [[35, 37, 3, 0]], [[0, 0, 0, 0]]]]"
a97ca47ee3713a075711c311c49e3951264007ef,1,1,"[['location/java/android/location/LocationManager.java', [[1780, 1781, 2, 6]], [[1795, 1810, 16, 28]]]]"
9caf34febf01086c96266e38d024f7a0315b892d,7,6,"[['telephony/java/android/telephony/SmsManager.java', [[985, 992, 8, 20]], [[1403, 1428, 26, 61]]], ['services/core/java/com/android/server/Watchdog.java', [[609, 611, 3, 12]], [[620, 626, 7, 15]]], ['packages/SettingsLib/src/com/android/settingslib/wifi/AccessPoint.java', [[182, 183, 2, 0]], [[182, 184, 3, 0]]], ['packages/SettingsLib/src/com/android/settingslib/wifi/AccessPointPreference.java', [[206, 207, 2, 8]], [[203, 205, 3, 12]]], ['wifi/java/android/net/wifi/ScanResult.java', [[158, 160, 3, 0]], [[158, 165, 8, 0]]], ['telephony/java/android/telephony/CarrierConfigManager.java', [[3129, 3138, 10, 0]], [[0, 0, 0, 0]]]]"
89cad5d93a5083474840e90d08d6e4aec5833932,5,4,"[['packages/SystemUI/src/com/android/systemui/doze/DozeService.java', [[63, 66, 4, 9]], [[64, 64, 1, 3]]], ['packages/SystemUI/src/com/android/keyguard/KeyguardSimPukView.java', [[80, 80, 1, 0]], [[76, 77, 2, 0]]], ['services/core/java/com/android/server/BluetoothManagerService.java', [[16, 16, 1, 0]], [[1283, 1287, 5, 11]]], ['packages/SystemUI/src/com/android/keyguard/KeyguardSimPinView.java', [[71, 81, 11, 0]], [[0, 0, 0, 0]]]]"
1eef3e1566be8570a0f7a856f12f8992f7d34824,5,4,"[['core/java/android/bluetooth/BluetoothHeadset.java', [[393, 397, 5, 13], [1193, 1200, 8, 0]], [[384, 393, 10, 22], [1170, 1172, 3, 0]]], ['core/java/android/bluetooth/BluetoothHearingAid.java', [[138, 168, 31, 0]], [[126, 131, 6, 0]]], ['services/core/java/com/android/server/BluetoothManagerService.java', [[1236, 1240, 5, 12], [1417, 1423, 7, 17]], [[1145, 1152, 8, 17], [1311, 1312, 2, 6]]], ['packages/SystemUI/src/com/android/systemui/qs/tiles/HotspotTile.java', [[141, 147, 7, 17]], [[133, 134, 2, 10]]]]"
f9f9f03acdeb05e6978feca02f6ef20ff57d06bc,1,1,"[['packages/SystemUI/src/com/android/systemui/statusbar/policy/MobileSignalController.java', [[124, 127, 4, 9]], [[97, 97, 1, 3]]]]"
4a30c150e58ec67edb92a7bec5ea48cebd6b90d4,12,10,"[['telephony/java/com/android/internal/telephony/TelephonyProperties.java', [[227, 256, 30, 0]], [[227, 233, 7, 0]]], ['services/core/java/com/android/server/am/ActivityManagerService.java', [[552, 557, 6, 0]], [[546, 547, 2, 0]]], ['packages/NetworkStack/src/android/net/dhcp/DhcpPacket.java', [[317, 319, 3, 0]], [[324, 326, 3, 0]]], ['packages/SettingsLib/src/com/android/settingslib/wifi/AccessPoint.java', [[190, 199, 10, 0]], [[190, 192, 3, 0]]], ['services/core/java/com/android/server/locksettings/LockSettingsService.java', [[2663, 2664, 2, 5]], [[2625, 2628, 4, 8]]], ['packages/SystemUI/src/com/android/systemui/statusbar/phone/PanelView.java', [[52, 52, 1, 0]], [[52, 52, 1, 0]]], ['services/core/java/com/android/server/audio/BtHelper.java', [[830, 834, 5, 16], [878, 878, 1, 6], [931, 934, 4, 9], [429, 429, 1, 1], [954, 954, 1, 1]], [[681, 683, 3, 10], [713, 715, 3, 8], [0, 0, 0, 0], [317, 317, 1, 1], [315, 315, 1, 1]]], ['packages/SystemUI/src/com/android/systemui/statusbar/StatusBarMobileView.java', [[61, 61, 1, 0]], [[61, 61, 1, 0]]], ['packages/SystemUI/src/com/android/keyguard/CarrierTextController.java', [[75, 75, 1, 0]], [[75, 76, 2, 0]]], ['packages/SystemUI/src/com/android/systemui/qs/QSPanel.java', [[120, 121, 2, 1]], [[138, 138, 1, 2]]]]"
b576b28ececdf87e488eaf196c28e48371784746,4,3,"[['services/core/java/com/android/server/audio/AudioService.java', [[1531, 1533, 3, 19]], [[1522, 1530, 9, 36]]], ['services/core/java/com/android/server/audio/BtHelper.java', [[239, 307, 69, 125], [893, 897, 5, 16], [911, 954, 44, 82], [972, 979, 8, 15]], [[168, 169, 2, 0], [751, 754, 4, 7], [768, 789, 22, 52], [813, 832, 20, 33]]], ['packages/SystemUI/src/com/android/keyguard/CarrierTextController.java', [[231, 231, 1, 6]], [[281, 291, 11, 19]]]]"
2b252c526c654de6d04ec0165b4b8f039b37f82b,2,2,"[['packages/SystemUI/src/com/android/systemui/statusbar/policy/NetworkControllerImpl.java', [[1112, 1116, 5, 0]], [[1111, 1112, 2, 0]]], ['packages/SystemUI/src/com/android/systemui/statusbar/policy/MobileSignalController.java', [[817, 817, 1, 5]], [[572, 572, 1, 5]]]]"
6e44ad255823e1b7f2b23386d61af655c19adb49,18,13,"[['services/core/java/com/android/server/wm/TaskTapPointerEventListener.java', [[54, 56, 3, 0], [62, 111, 50, 86]], [[0, 0, 0, 0], [0, 0, 0, 0]]], ['services/core/java/com/android/server/connectivity/tethering/UpstreamNetworkMonitor.java', [[456, 457, 2, 9]], [[494, 496, 3, 12]]], ['services/core/java/com/android/server/net/NetworkPolicyManagerService.java', [[1340, 1340, 1, 7], [1340, 1340, 1, 7]], [[1338, 1338, 1, 6], [1386, 1386, 1, 6]]], ['services/core/java/com/android/server/connectivity/NetworkNotificationManager.java', [[199, 200, 2, 5]], [[202, 215, 14, 31]]], ['services/core/java/com/android/server/Watchdog.java', [[599, 599, 1, 4]], [[542, 543, 2, 9]]], ['core/java/android/net/ConnectivityManager.java', [[0, 0, 0, 0], [0, 0, 0, 0]], [[1937, 1938, 2, 1], [1980, 1980, 1, 0]]], ['telephony/java/com/android/internal/telephony/ISmsImplBase.java', [[207, 207, 1, 5]], [[207, 208, 2, 11]]], ['services/core/java/com/android/server/connectivity/KeepaliveTracker.java', [[157, 157, 1, 0], [162, 162, 1, 8], [452, 453, 2, 11], [279, 279, 1, 2], [279, 279, 1, 2]], [[0, 0, 0, 0], [162, 170, 9, 12], [461, 462, 2, 15], [546, 547, 2, 9], [586, 587, 2, 9]]], ['services/core/java/com/android/server/audio/BtHelper.java', [[624, 624, 1, 3]], [[512, 526, 15, 34]]], ['services/core/java/com/android/server/wm/ActivityStarter.java', [[117, 117, 1, 0]], [[117, 117, 1, 0]]], ['wifi/java/android/net/wifi/WifiConfiguration.java', [[2281, 2298, 18, 76]], [[2193, 2193, 1, 2]]], ['tests/net/java/com/android/server/ConnectivityServiceTest.java', [[4035, 4043, 9, 14], [4050, 4051, 2, 4], [0, 0, 0, 0], [4189, 4189, 1, 6], [0, 0, 0, 0], [4051, 4051, 1, 4], [4062, 4062, 1, 6]], [[4105, 4107, 3, 12], [0, 0, 0, 0], [4245, 4245, 1, 3], [4253, 4254, 2, 8], [4271, 4274, 4, 6], [0, 0, 0, 0], [4124, 4125, 2, 10]]], ['packages/SystemUI/src/com/android/keyguard/KeyguardSimPinView.java', [[115, 122, 8, 16]], [[102, 102, 1, 3]]]]"
2775a5a9b030266a910301e8b464811acafcd5fa,18,14,"[['packages/SystemUI/tests/src/com/android/systemui/statusbar/policy/NetworkControllerBaseTest.java', [[343, 344, 2, 9]], [[426, 427, 2, 6]]], ['services/core/java/com/android/server/am/ActivityManagerService.java', [[313, 313, 1, 0]], [[311, 311, 1, 0]]], ['services/core/java/com/android/server/am/ActiveServices.java', [[2486, 2516, 31, 78]], [[2460, 2460, 1, 10]]], ['services/java/com/android/server/SystemServer.java', [[1382, 1417, 36, 83]], [[0, 0, 0, 0]]], ['services/core/java/com/android/server/ConnectivityService.java', [[6881, 6950, 70, 140]], [[6968, 6983, 16, 14]]], ['location/java/com/android/internal/location/GpsNetInitiatedHandler.java', [[249, 249, 1, 3]], [[251, 253, 3, 8]]], ['services/core/java/com/android/server/audio/AudioService.java', [[3357, 3359, 3, 11]], [[3337, 3341, 5, 16]]], ['location/java/android/location/LocationManager.java', [[575, 577, 3, 16], [608, 610, 3, 18], [642, 644, 3, 18], [671, 673, 3, 16], [779, 781, 3, 16], [810, 811, 2, 14], [841, 842, 2, 14], [865, 866, 2, 12], [890, 891, 2, 12], [960, 962, 3, 14], [991, 992, 2, 12], [1148, 1149, 2, 7], [1450, 1451, 2, 10], [1870, 1887, 18, 32], [1982, 1999, 18, 32], [2398, 2399, 2, 14]], [[549, 550, 2, 13], [581, 582, 2, 16], [614, 615, 2, 16], [642, 643, 2, 13], [749, 750, 2, 13], [779, 780, 2, 12], [810, 813, 4, 12], [836, 836, 1, 9], [860, 860, 1, 9], [929, 932, 4, 12], [961, 962, 2, 9], [643, 643, 1, 3], [1423, 1424, 2, 6], [1766, 1766, 1, 1], [1766, 1766, 1, 1], [2245, 2246, 2, 12]]], ['core/java/android/content/pm/ApplicationInfo.java', [[2052, 2054, 3, 4]], [[2049, 2067, 19, 36]]], ['packages/SystemUI/tests/src/com/android/systemui/qs/QSFooterImplTest.java', [[80, 192, 113, 234]], [[0, 0, 0, 0]]], ['packages/SystemUI/src/com/android/systemui/qs/QSFooterImpl.java', [[455, 612, 158, 414]], [[0, 0, 0, 0]]], ['core/java/android/service/carrier/CarrierIdentifier.java', [[81, 88, 8, 38], [219, 219, 1, 11], [243, 252, 10, 19]], [[80, 80, 1, 4], [200, 200, 1, 10], [223, 231, 9, 17]]], ['packages/SystemUI/src/com/android/systemui/statusbar/policy/MobileSignalController.java', [[28, 30, 3, 0], [0, 0, 0, 0], [651, 653, 3, 9]], [[25, 25, 1, 0], [289, 291, 3, 13], [460, 466, 7, 15]]], ['packages/SystemUI/src/com/android/systemui/statusbar/policy/TelephonyIcons.java', [[272, 273, 2, 0], [281, 724, 444, 930]], [[248, 249, 2, 0], [257, 262, 6, 0]]]]"
e449737f6ea4d11d082f1cdec4d067f64d5ba95e,3,3,"[['services/core/java/com/android/server/wm/ActivityStack.java', [[2719, 2720, 2, 7]], [[0, 0, 0, 0]]], ['services/core/java/com/android/server/display/LocalDisplayAdapter.java', [[184, 186, 3, 11]], [[189, 191, 3, 12]]], ['packages/SystemUI/src/com/android/keyguard/CarrierTextController.java', [[212, 222, 11, 48], [302, 304, 3, 6]], [[227, 241, 15, 51], [320, 322, 3, 8]]]]"
3a5272699e3e16fbfdc397480898bb27abeb2caa,5,4,"[['services/core/java/com/android/server/locksettings/LockSettingsService.java', [[1108, 1147, 40, 57], [1577, 1589, 13, 49]], [[1121, 1121, 1, 7], [1549, 1549, 1, 7]]], ['services/core/java/com/android/server/connectivity/Nat464Xlat.java', [[28, 28, 1, 0]], [[30, 30, 1, 0]]], ['packages/SettingsProvider/src/com/android/providers/settings/DatabaseHelper.java', [[2612, 2613, 2, 8]], [[2611, 2623, 13, 31]]], ['services/core/java/com/android/server/connectivity/NetworkAgentInfo.java', [[605, 632, 28, 43]], [[0, 0, 0, 0]]]]"
6e3be19b8a58c265a2c3ff4b9cbabdb6a4ae9bf6,9,9,"[['services/core/java/com/android/server/am/ActivityRecord.java', [[2018, 2118, 101, 282]], [[1986, 1991, 6, 16]]], ['services/core/java/com/android/server/am/ActivityManagerService.java', [[6000, 6011, 12, 19]], [[16, 16, 1, 0]]], ['packages/SystemUI/src/com/android/keyguard/KeyguardUpdateMonitor.java', [[151, 151, 1, 0]], [[150, 150, 1, 0]]], ['services/core/java/com/android/server/wm/WindowStateAnimator.java', [[1188, 1196, 9, 17]], [[1188, 1198, 11, 20]]], ['core/java/android/provider/Settings.java', [[8191, 8191, 1, 0]], [[8178, 8179, 2, 0]]], ['packages/SettingsLib/src/com/android/settingslib/bluetooth/LocalBluetoothProfileManager.java', [[165, 176, 12, 30]], [[0, 0, 0, 0]]], ['packages/SettingsLib/src/com/android/settingslib/bluetooth/CachedBluetoothDevice.java', [[1229, 1232, 4, 16]], [[1197, 1197, 1, 5]]], ['packages/SystemUI/src/com/android/systemui/statusbar/policy/HotspotControllerImpl.java', [[190, 204, 15, 30]], [[146, 146, 1, 1]]], ['telephony/java/android/telephony/CarrierConfigManager.java', [[2108, 2108, 1, 0]], [[2119, 2121, 3, 0]]]]"
cf03be865b65f49562f1e442ee0e7510ee597aa8,5,5,"[['services/core/java/com/android/server/WiredAccessoryManager.java', [[163, 164, 2, 8], [303, 312, 10, 40]], [[175, 176, 2, 7], [313, 316, 4, 14]]], ['services/core/java/com/android/server/ConnectivityService.java', [[62, 62, 1, 0]], [[60, 60, 1, 0]]], ['telephony/java/com/android/internal/telephony/cdma/SmsMessage.java', [[615, 617, 3, 11]], [[615, 619, 5, 11]]], ['telephony/java/com/android/internal/telephony/cdma/BearerData.java', [[1103, 1103, 1, 5], [1112, 1112, 1, 4]], [[0, 0, 0, 0], [1111, 1111, 1, 4]]], ['services/core/java/com/android/server/connectivity/tethering/TetheringConfiguration.java', [[111, 119, 9, 26]], [[116, 117, 2, 8]]]]"
81b587a542e8381268a9ba8e7461712ef23cd11f,9,8,"[['core/java/android/view/SurfaceControl.java', [[332, 363, 32, 0]], [[0, 0, 0, 0]]], ['services/core/java/com/android/server/am/OomAdjuster.java', [[131, 150, 20, 9]], [[130, 130, 1, 7]]], ['services/core/java/com/android/server/am/ActiveServices.java', [[2459, 2487, 29, 76]], [[2425, 2426, 2, 11]]], ['services/core/java/com/android/server/wm/DisplayPolicy.java', [[114, 114, 1, 0]], [[115, 115, 1, 0]]], ['media/java/android/media/MediaCodecInfo.java', [[2398, 2402, 5, 31]], [[2446, 2450, 5, 31]]], ['services/core/java/com/android/server/audio/AudioDeviceInventory.java', [[863, 864, 2, 7]], [[862, 863, 2, 4]]], ['services/core/java/com/android/server/display/LocalDisplayAdapter.java', [[184, 187, 4, 11]], [[182, 185, 4, 14]]], ['services/core/java/com/android/server/wm/ActivityDisplay.java', [[43, 44, 2, 0]], [[43, 43, 1, 0]]]]"
567b4cf7b54062947b5eabe6ecef7b70fbb7301b,15,11,"[['core/java/android/view/SurfaceControl.java', [[334, 344, 11, 0]], [[350, 350, 1, 0]]], ['services/core/java/com/android/server/am/ActivityManagerConstants.java', [[25, 26, 2, 0]], [[28, 29, 2, 0]]], ['core/java/android/provider/Settings.java', [[5870, 5880, 11, 0]], [[5934, 5934, 1, 0]]], ['services/core/java/com/android/server/LocationManagerService.java', [[742, 746, 5, 17]], [[773, 789, 17, 47]]], ['services/core/java/com/android/server/ConnectivityService.java', [[96, 96, 1, 0], [3457, 3458, 2, 2], [6445, 6514, 70, 140]], [[96, 96, 1, 0], [3501, 3502, 2, 7], [6604, 6617, 14, 22]]], ['core/java/android/bluetooth/BluetoothAdapter.java', [[2514, 2518, 5, 15]], [[2548, 2552, 5, 8]]], ['telephony/java/com/android/internal/telephony/ISmsImplBase.java', [[193, 193, 1, 5]], [[195, 202, 8, 23]]], ['services/core/java/com/android/server/audio/AudioService.java', [[991, 1008, 18, 41], [1630, 1630, 1, 6], [2964, 2967, 4, 14], [3024, 3025, 2, 6], [3399, 3416, 18, 46], [3421, 3423, 3, 8], [3433, 3441, 9, 25], [3449, 3508, 60, 141], [3513, 3515, 3, 8], [3546, 3547, 2, 6], [3555, 3560, 6, 18], [3619, 3663, 45, 85], [3666, 3686, 21, 42], [3703, 3839, 137, 236], [3845, 3855, 11, 22], [3874, 4385, 512, 743], [5978, 6025, 48, 91], [6610, 6706, 97, 203], [7038, 7110, 73, 143]], [[819, 819, 1, 2], [1466, 1470, 5, 20], [2795, 2795, 1, 3], [2795, 2795, 1, 3], [3224, 3224, 1, 4], [3229, 3229, 1, 2], [3240, 3240, 1, 3], [3248, 3249, 2, 4], [3256, 3256, 1, 2], [3276, 3276, 1, 3], [3287, 3293, 7, 30], [3318, 3338, 21, 48], [0, 0, 0, 0], [3351, 3372, 22, 58], [3378, 3383, 6, 30], [0, 0, 0, 0], [0, 0, 0, 0], [0, 0, 0, 0], [5103, 5105, 3, 11]]], ['services/core/java/com/android/server/wm/ActivityTaskManagerService.java', [[352, 352, 1, 0]], [[353, 361, 9, 0]]], ['wifi/java/com/android/server/wifi/BaseWifiService.java', [[475, 475, 1, 3], [480, 480, 1, 3], [485, 535, 51, 73]], [[470, 471, 2, 9], [476, 476, 1, 5], [481, 481, 1, 9]]], ['packages/SystemUI/src/com/android/keyguard/CarrierText.java', [[141, 310, 170, 437]], [[0, 0, 0, 0]]]]"
88b45c586d461df38b866d529bc98d1dfa3e8838,21,14,"[['services/core/java/com/android/server/location/GnssLocationProvider.java', [[416, 421, 6, 0]], [[0, 0, 0, 0]]], ['media/java/android/media/MediaCodecInfo.java', [[2917, 2921, 5, 0]], [[3199, 3200, 2, 0]]], ['telephony/java/android/telephony/ims/compat/stub/ImsCallSessionImplBase.java', [[596, 597, 2, 9]], [[595, 602, 8, 18]]], ['services/core/java/com/android/server/LocationManagerService.java', [[697, 722, 26, 64], [3242, 3386, 145, 205]], [[0, 0, 0, 0], [0, 0, 0, 0]]], ['telephony/java/android/telephony/ims/ImsCallSession.java', [[448, 453, 6, 5], [1412, 1420, 9, 10]], [[449, 458, 10, 11], [1417, 1432, 16, 20]]], ['telephony/java/android/telephony/ims/ImsCallSessionListener.java', [[604, 611, 8, 8]], [[605, 624, 20, 20]]], ['services/core/java/com/android/server/wm/ActivityStack.java', [[179, 180, 2, 0]], [[177, 177, 1, 0]]], ['services/net/java/android/net/ip/IpClient.java', [[419, 597, 179, 308]], [[0, 0, 0, 0]]], ['wifi/java/android/net/wifi/WifiConfiguration.java', [[153, 166, 14, 0], [172, 172, 1, 0]], [[149, 158, 10, 0], [164, 164, 1, 0]]], ['services/core/java/com/android/server/am/ActivityManagerService.java', [[81, 82, 2, 0], [545, 548, 4, 0], [17066, 17350, 285, 728], [17831, 18250, 420, 950]], [[0, 0, 0, 0], [534, 534, 1, 0], [0, 0, 0, 0], [16376, 16376, 1, 2]]], ['services/core/java/com/android/server/ConnectivityService.java', [[449, 449, 1, 0]], [[450, 485, 36, 0]]], ['core/java/android/bluetooth/BluetoothAdapter.java', [[2567, 2574, 8, 18]], [[0, 0, 0, 0]]], ['telecomm/java/android/telecom/Connection.java', [[522, 527, 6, 0], [645, 650, 6, 0]], [[508, 513, 6, 0], [631, 635, 5, 0]]], ['services/core/java/com/android/server/connectivity/NetworkAgentInfo.java', [[19, 22, 4, 0], [579, 582, 4, 13]], [[0, 0, 0, 0], [595, 596, 2, 4]]]]"
657230bb5e95ec8560c534360cac5a25fd743129,21,16,"[['packages/SettingsLib/src/com/android/settingslib/wifi/WifiTracker.java', [[0, 0, 0, 0]], [[215, 215, 1, 6]]], ['services/core/java/com/android/server/pm/PackageVerificationState.java', [[146, 151, 6, 9], [168, 173, 6, 9]], [[123, 124, 2, 3], [141, 142, 2, 3]]], ['packages/SystemUI/src/com/android/systemui/statusbar/policy/WifiSignalController.java', [[56, 57, 2, 6]], [[56, 57, 2, 6]]], ['packages/SystemUI/src/com/android/keyguard/KeyguardUpdateMonitor.java', [[156, 156, 1, 0]], [[155, 155, 1, 0]]], ['services/core/java/com/android/server/LocationManagerService.java', [[3232, 3241, 10, 16]], [[3267, 3269, 3, 4]]], ['packages/SystemUI/src/com/android/keyguard/KeyguardSimPukView.java', [[79, 79, 1, 0]], [[75, 76, 2, 0]]], ['telephony/java/com/android/internal/telephony/RILConstants.java', [[131, 161, 31, 0]], [[131, 234, 104, 0]]], ['services/core/java/com/android/server/BluetoothManagerService.java', [[16, 16, 1, 0]], [[1280, 1284, 5, 11]]], ['packages/SystemUI/src/com/android/keyguard/KeyguardSimPinView.java', [[70, 81, 12, 0]], [[0, 0, 0, 0]]], ['packages/SystemUI/src/com/android/systemui/statusbar/policy/HotspotControllerImpl.java', [[116, 118, 3, 7]], [[131, 133, 3, 4]]], ['packages/SystemUI/src/com/android/systemui/statusbar/policy/NetworkControllerImpl.java', [[1073, 1075, 3, 14]], [[16, 16, 1, 0]]], ['services/core/java/com/android/server/ConnectivityService.java', [[0, 0, 0, 0]], [[1971, 1972, 2, 2]]], ['telecomm/java/android/telecom/Connection.java', [[640, 645, 6, 0]], [[618, 620, 3, 0]]], ['media/java/android/media/MediaRecorder.java', [[454, 459, 6, 0], [484, 489, 6, 0]], [[459, 460, 2, 0], [485, 486, 2, 0]]], ['packages/SystemUI/src/com/android/systemui/statusbar/policy/MobileSignalController.java', [[28, 30, 3, 0], [591, 609, 19, 34]], [[25, 25, 1, 0], [442, 450, 9, 21]]], ['packages/SystemUI/src/com/android/systemui/statusbar/policy/TelephonyIcons.java', [[38, 40, 3, 0], [219, 282, 64, 0]], [[40, 40, 1, 0], [247, 268, 22, 0]]]]"
587cb520382d349c91bd59ada23fbefcdb44314f,4,3,"[['packages/SystemUI/src/com/android/systemui/qs/QSPanel.java', [[288, 291, 4, 7]], [[288, 290, 3, 2]]], ['services/core/java/com/android/server/am/ActivityManagerService.java', [[5998, 5998, 1, 1]], [[5934, 5934, 1, 1]]], ['telephony/java/android/telephony/CarrierConfigManager.java', [[2046, 2046, 1, 0]], [[2079, 2082, 4, 0]]]]"
8d21ad0d966c1e9f96e5a65144efad2582391957,11,11,"[['services/core/java/com/android/server/wm/ActivityRecord.java', [[209, 209, 1, 0], [1986, 1995, 10, 22]], [[224, 224, 1, 0], [2167, 2169, 3, 0]]], ['services/core/java/com/android/server/policy/PhoneWindowManager.java', [[23, 27, 5, 0], [228, 229, 2, 0], [405, 427, 23, 0], [823, 843, 21, 0], [2152, 2275, 124, 231], [6585, 6641, 57, 39]], [[0, 0, 0, 0], [0, 0, 0, 0], [0, 0, 0, 0], [615, 627, 13, 0], [0, 0, 0, 0], [0, 0, 0, 0]]], ['services/core/java/com/android/server/wm/ActivityStack.java', [[2538, 2550, 13, 26]], [[2591, 2592, 2, 2]]], ['services/core/java/com/android/server/ConnectivityService.java', [[2083, 2092, 10, 26]], [[2102, 2102, 1, 5]]], ['wifi/java/android/net/wifi/p2p/WifiP2pManager.java', [[506, 510, 5, 0]], [[526, 538, 13, 0]]], ['packages/SettingsLib/src/com/android/settingslib/wifi/AccessPoint.java', [[167, 167, 1, 0]], [[169, 169, 1, 0]]], ['core/java/android/service/carrier/CarrierIdentifier.java', [[52, 52, 1, 0], [62, 69, 8, 31], [138, 142, 5, 4], [161, 174, 14, 54], [190, 190, 1, 3], [196, 203, 8, 15], [214, 214, 1, 3]], [[56, 57, 2, 0], [88, 89, 2, 4], [157, 170, 14, 8], [189, 195, 7, 23], [211, 212, 2, 6], [218, 226, 9, 17], [237, 238, 2, 6]]], ['services/core/java/com/android/server/wm/ActivityTaskManagerService.java', [[353, 353, 1, 0]], [[354, 355, 2, 0]]], ['services/core/java/com/android/server/wm/ActivityStarter.java', [[2139, 2146, 8, 28]], [[2197, 2199, 3, 10]]], ['services/core/java/com/android/server/wm/ActivityStackSupervisor.java', [[178, 182, 5, 0], [697, 785, 89, 202], [3355, 3596, 242, 510]], [[0, 0, 0, 0], [0, 0, 0, 0], [0, 0, 0, 0]]], ['services/core/java/com/android/server/connectivity/Tethering.java', [[43, 44, 2, 0]], [[33, 37, 5, 0]]]]"
b76115be4efabffaa6febc57cec47acc2f933c79,34,27,"[['services/core/java/com/android/server/location/GnssLocationProvider.java', [[880, 954, 75, 129]], [[789, 798, 10, 10]]], ['telephony/java/android/telephony/DisconnectCause.java', [[345, 391, 47, 0], [593, 656, 64, 64]], [[345, 349, 5, 0], [514, 515, 2, 2]]], ['core/java/android/provider/Settings.java', [[8272, 8274, 3, 0], [8430, 8432, 3, 0]], [[8320, 8322, 3, 0], [8478, 8483, 6, 0]]], ['packages/SettingsLib/src/com/android/settingslib/wifi/AccessPoint.java', [[166, 166, 1, 0], [813, 815, 3, 12], [1393, 1398, 6, 12], [1419, 1422, 4, 6]], [[166, 166, 1, 0], [0, 0, 0, 0], [0, 0, 0, 0], [1359, 1362, 4, 6]]], ['packages/SettingsLib/src/com/android/settingslib/wifi/AccessPointPreference.java', [[211, 215, 5, 18]], [[203, 204, 2, 8]]], ['packages/SettingsLib/src/com/android/settingslib/bluetooth/CachedBluetoothDevice.java', [[32, 32, 1, 0]], [[32, 32, 1, 0]]], ['services/core/java/com/android/server/connectivity/Nat464Xlat.java', [[98, 106, 9, 24]], [[96, 98, 3, 13]]], ['telephony/java/android/telephony/CarrierConfigManager.java', [[1241, 1247, 7, 0]], [[1255, 1287, 33, 0]]], ['media/java/android/media/MediaFormat.java', [[940, 950, 11, 0]], [[940, 950, 11, 0]]], ['services/core/java/com/android/server/am/ActiveServices.java', [[2273, 2282, 10, 32]], [[2289, 2289, 1, 6]]], ['wifi/java/android/net/wifi/WifiManager.java', [[910, 935, 26, 0], [4012, 4193, 182, 144]], [[873, 892, 20, 0], [4286, 4303, 18, 15]]], ['services/tests/uiservicestests/src/com/android/server/notification/NotificationRecordTest.java', [[41, 42, 2, 0], [0, 0, 0, 0]], [[0, 0, 0, 0], [804, 815, 12, 27]]], ['packages/SystemUI/src/com/android/systemui/statusbar/phone/StatusBarIconList.java', [[21, 21, 1, 0]], [[16, 16, 1, 0]]], ['wifi/java/android/net/wifi/ScanResult.java', [[141, 163, 23, 0], [198, 198, 1, 0]], [[141, 155, 15, 0], [180, 180, 1, 0]]], ['wifi/java/android/net/wifi/WifiConfiguration.java', [[132, 162, 31, 0], [167, 168, 2, 0], [232, 238, 7, 0], [248, 248, 1, 0], [274, 276, 3, 0], [282, 282, 1, 0], [288, 291, 4, 0], [296, 306, 11, 0], [318, 327, 10, 0], [109, 109, 1, 0], [524, 529, 6, 0], [1879, 1879, 1, 5], [2059, 2060, 2, 6], [2098, 2099, 2, 10], [2318, 2322, 5, 12], [2391, 2394, 4, 12], [2434, 2435, 2, 0], [2464, 2467, 4, 0]], [[134, 146, 13, 0], [151, 152, 2, 0], [216, 221, 6, 0], [231, 231, 1, 0], [257, 258, 2, 0], [264, 264, 1, 0], [270, 273, 4, 0], [278, 292, 15, 0], [304, 312, 9, 0], [0, 0, 0, 0], [496, 499, 4, 0], [1851, 1851, 1, 5], [0, 0, 0, 0], [0, 0, 0, 0], [2273, 2273, 1, 3], [2342, 2342, 1, 3], [2381, 2382, 2, 0], [2412, 2412, 1, 0]]], ['services/core/java/com/android/server/wm/WindowManagerService.java', [[1124, 1126, 3, 5], [3135, 3136, 2, 3]], [[783, 783, 1, 1], [2964, 2965, 2, 4]]], ['services/core/java/com/android/server/am/ActivityManagerService.java', [[17342, 17349, 8, 30]], [[0, 0, 0, 0]]], ['packages/SettingsLib/tests/robotests/src/com/android/settingslib/fuelgauge/PowerWhitelistBackendTest.java', [[68, 68, 1, 6]], [[0, 0, 0, 0]]], ['wifi/java/android/net/wifi/p2p/WifiP2pManager.java', [[484, 489, 6, 0]], [[488, 503, 16, 0]]], ['services/core/java/com/android/server/wm/DisplayContent.java', [[3932, 3936, 5, 4]], [[0, 0, 0, 0]]], ['core/java/android/app/Instrumentation.java', [[1910, 1912, 3, 17]], [[1900, 1901, 2, 12]]], ['media/java/android/media/AudioFormat.java', [[560, 584, 25, 24], [619, 646, 28, 29], [576, 581, 6, 6], [1135, 1140, 6, 0]], [[530, 550, 21, 20], [587, 610, 24, 25], [546, 547, 2, 2], [1098, 1099, 2, 0]]], ['packages/SystemUI/src/com/android/systemui/statusbar/policy/MobileSignalController.java', [[46, 48, 3, 0]], [[0, 0, 0, 0]]]]"
ba167de93776a7e5d1b347d1ee646e161cf24ce5,7,5,"[['services/core/java/com/android/server/am/ActivityManagerService.java', [[1461, 1464, 4, 0], [3302, 3729, 428, 1202], [18492, 18505, 14, 77], [19140, 19168, 29, 87]], [[0, 0, 0, 0], [0, 0, 0, 0], [16451, 16452, 2, 8], [17074, 17078, 5, 22]]], ['services/core/java/com/android/server/ConnectivityService.java', [[426, 426, 1, 0], [3206, 3207, 2, 2]], [[433, 441, 9, 0], [3302, 3306, 5, 12]]], ['services/core/java/com/android/server/Watchdog.java', [[602, 603, 2, 9]], [[531, 532, 2, 10]]], ['services/core/java/com/android/server/am/ActivityStackSupervisor.java', [[3379, 3445, 67, 155]], [[0, 0, 0, 0]]], ['services/core/java/com/android/server/am/ActivityStarter.java', [[1484, 1490, 7, 22]], [[1459, 1459, 1, 3]]]]"
db8a16a19bc4c35bc8ba2ff9a3fd4341177e1e26,3,3,"[['services/core/java/com/android/server/am/ActivityStack.java', [[2841, 2842, 2, 8]], [[2800, 2801, 2, 5]]], ['packages/SystemUI/src/com/android/systemui/statusbar/phone/NavigationBarFragment.java', [[644, 648, 5, 16]], [[644, 648, 5, 17]]], ['services/accessibility/java/com/android/server/accessibility/UiAutomationManager.java', [[179, 179, 1, 2], [190, 190, 1, 3]], [[91, 91, 1, 1], [214, 214, 1, 3]]]]"
ddcaa93e851eb5e57692799446f2ef3fe31436ae,13,10,"[['services/core/java/com/android/server/wm/TaskTapPointerEventListener.java', [[50, 52, 3, 4]], [[48, 54, 7, 16]]], ['services/core/java/com/android/server/am/ActivityRecord.java', [[2023, 2103, 81, 228]], [[1995, 2000, 6, 16]]], ['packages/SettingsLib/src/com/android/settingslib/bluetooth/CachedBluetoothDevice.java', [[32, 34, 3, 0], [110, 123, 14, 22]], [[0, 0, 0, 0], [96, 103, 8, 20]]], ['telephony/java/android/telephony/DisconnectCause.java', [[570, 633, 64, 64]], [[500, 507, 8, 8]]], ['services/core/java/com/android/server/ConnectivityService.java', [[1812, 1813, 2, 5], [5961, 6026, 66, 128]], [[1857, 1859, 3, 5], [5952, 5994, 43, 70]]], ['packages/SettingsLib/src/com/android/settingslib/bluetooth/LocalBluetoothProfileManager.java', [[33, 33, 1, 0], [216, 220, 5, 20]], [[33, 33, 1, 0], [215, 220, 6, 22]]], ['services/core/java/com/android/server/am/ActivityStackSupervisor.java', [[2374, 2384, 11, 25]], [[2358, 2358, 1, 4]]], ['telecomm/java/android/telecom/TelecomManager.java', [[331, 335, 5, 0]], [[320, 326, 7, 0]]], ['services/core/java/com/android/server/wm/WindowManagerService.java', [[230, 230, 1, 0]], [[230, 230, 1, 0]]], ['packages/SystemUI/src/com/android/systemui/statusbar/policy/HotspotControllerImpl.java', [[190, 204, 15, 30]], [[146, 146, 1, 1]]]]"
2edeff882ab756e76b3a028a1568d8774ddc0257,20,17,"[['services/net/java/android/net/dhcp/DhcpPacket.java', [[1202, 1209, 8, 34]], [[1248, 1249, 2, 10]]], ['core/java/android/provider/Settings.java', [[8201, 8201, 1, 0], [8355, 8355, 1, 0]], [[8217, 8218, 2, 0], [8373, 8374, 2, 0]]], ['core/java/android/bluetooth/le/ScanFilter.java', [[263, 263, 1, 0], [263, 263, 1, 0], [408, 410, 3, 6], [263, 263, 1, 0], [263, 263, 1, 0]], [[0, 0, 0, 0], [0, 0, 0, 0], [406, 407, 2, 6], [0, 0, 0, 0], [0, 0, 0, 0]]], ['packages/SettingsLib/src/com/android/settingslib/bluetooth/CachedBluetoothDevice.java', [[945, 951, 7, 21]], [[833, 838, 6, 20]]], ['services/core/java/com/android/server/am/ActivityStackSupervisor.java', [[3476, 3496, 21, 51], [3499, 3539, 41, 93]], [[3472, 3472, 1, 6], [3486, 3498, 13, 29]]], ['core/java/android/bluetooth/le/ScanRecord.java', [[98, 100, 3, 0], [99, 99, 1, 0]], [[98, 100, 3, 0], [0, 0, 0, 0]]], ['telephony/java/android/telephony/CarrierConfigManager.java', [[2131, 2131, 1, 0]], [[2158, 2160, 3, 0]]], ['wifi/java/android/net/wifi/WifiManager.java', [[3998, 4179, 182, 144]], [[3867, 3871, 5, 6]]], ['packages/SettingsLib/src/com/android/settingslib/bluetooth/LocalBluetoothProfileManager.java', [[100, 102, 3, 0]], [[0, 0, 0, 0]]], ['services/core/java/com/android/server/wm/ScreenRotationAnimation.java', [[32, 33, 2, 0]], [[0, 0, 0, 0]]], ['packages/SettingsLib/src/com/android/settingslib/bluetooth/BluetoothEventManager.java', [[285, 285, 1, 0]], [[270, 271, 2, 4]]], ['telephony/java/android/telephony/ims/ImsReasonInfo.java', [[188, 189, 2, 0], [412, 413, 2, 0]], [[188, 192, 5, 0], [415, 416, 2, 0]]], ['services/core/java/com/android/server/pm/PackageManagerService.java', [[281, 282, 2, 0]], [[0, 0, 0, 0]]], ['media/java/android/media/MediaFile.java', [[50, 142, 93, 0], [216, 316, 101, 0], [321, 326, 6, 12]], [[50, 50, 1, 0], [98, 154, 57, 0], [161, 161, 1, 1]]], ['services/core/java/com/android/server/Watchdog.java', [[492, 493, 2, 8], [517, 520, 4, 11]], [[488, 489, 2, 6], [513, 515, 3, 9]]], ['packages/SystemUI/src/com/android/systemui/statusbar/policy/MobileSignalController.java', [[514, 515, 2, 7]], [[428, 429, 2, 9]]]]"
1730c08a2fd38f0ff8135692a855ada865130939,20,18,"[['services/core/java/com/android/server/policy/PhoneWindowManager.java', [[2110, 2114, 5, 8]], [[0, 0, 0, 0]]], ['core/java/android/provider/Settings.java', [[8201, 8201, 1, 0], [8355, 8355, 1, 0]], [[0, 0, 0, 0], [0, 0, 0, 0]]], ['packages/SystemUI/src/com/android/systemui/statusbar/policy/WifiSignalController.java', [[56, 58, 3, 6]], [[56, 56, 1, 4]]], ['wifi/java/android/net/wifi/WifiManager.java', [[3996, 4180, 185, 144]], [[0, 0, 0, 0]]], ['packages/SystemUI/src/com/android/keyguard/KeyguardUpdateMonitor.java', [[153, 153, 1, 0]], [[0, 0, 0, 0]]], ['packages/SettingsLib/src/com/android/settingslib/bluetooth/LocalBluetoothProfileManager.java', [[100, 100, 1, 0], [222, 227, 6, 20]], [[0, 0, 0, 0], [0, 0, 0, 0]]], ['packages/SettingsLib/src/com/android/settingslib/bluetooth/BluetoothEventManager.java', [[212, 217, 6, 14]], [[212, 217, 6, 14]]], ['core/java/android/nfc/cardemulation/AidGroup.java', [[53, 57, 5, 0]], [[50, 54, 5, 0]]], ['telephony/java/com/android/internal/telephony/ISmsImplBase.java', [[184, 188, 5, 10], [193, 193, 1, 5]], [[0, 0, 0, 0], [188, 188, 1, 9]]], ['core/java/android/util/TrustedTime.java', [[32, 37, 6, 3]], [[0, 0, 0, 0]]], ['core/java/android/bluetooth/BluetoothCodecConfig.java', [[47, 49, 3, 0]], [[47, 47, 1, 0]]], ['services/core/java/com/android/server/wm/WindowManagerService.java', [[230, 230, 1, 0], [5778, 5783, 6, 11]], [[0, 0, 0, 0], [0, 0, 0, 0]]], ['services/core/java/com/android/server/am/ActivityManagerService.java', [[302, 303, 2, 0]], [[0, 0, 0, 0]]], ['services/core/java/com/android/server/pm/PackageManagerService.java', [[2720, 2742, 23, 39], [12264, 12329, 66, 160]], [[0, 0, 0, 0], [12203, 12268, 66, 160]]], ['core/java/android/nfc/cardemulation/ApduServiceInfo.java', [[62, 62, 1, 0], [78, 78, 1, 0], [84, 84, 1, 0]], [[59, 59, 1, 0], [75, 75, 1, 0], [81, 81, 1, 0]]], ['services/core/java/com/android/server/ConnectivityService.java', [[5923, 5990, 68, 128]], [[0, 0, 0, 0]]], ['packages/SystemUI/src/com/android/systemui/statusbar/phone/PanelView.java', [[50, 52, 3, 0]], [[50, 50, 1, 0]]], ['packages/SettingsLib/tests/robotests/src/com/android/settingslib/bluetooth/A2dpProfileTest.java', [[132, 132, 1, 0]], [[132, 132, 1, 0]]]]"
1581c348fc5d6cbf1673b3dbc5960637f891d488,25,19,"[['services/core/java/com/android/server/NetworkTimeUpdateService.java', [[124, 328, 205, 334]], [[29, 29, 1, 2]]], ['core/java/android/provider/Settings.java', [[8050, 8050, 1, 0], [8199, 8199, 1, 0]], [[8023, 8025, 3, 0], [8167, 8169, 3, 0]]], ['packages/SettingsLib/src/com/android/settingslib/bluetooth/CachedBluetoothDevice.java', [[32, 33, 2, 0], [1228, 1231, 4, 16]], [[32, 32, 1, 0], [1198, 1198, 1, 5]]], ['telephony/java/android/telephony/ims/feature/MmTelFeature.java', [[37, 38, 2, 0]], [[0, 0, 0, 0]]], ['telephony/java/android/telephony/CarrierConfigManager.java', [[117, 121, 5, 0], [2046, 2046, 1, 0]], [[144, 149, 6, 0], [2072, 2075, 4, 0]]], ['services/core/java/com/android/server/am/ActiveServices.java', [[2547, 2552, 6, 16]], [[2513, 2513, 1, 3]]], ['services/core/java/com/android/server/am/ActivityStack.java', [[1666, 1667, 2, 4], [0, 0, 0, 0]], [[1655, 1656, 2, 5], [1666, 1675, 10, 22]]], ['services/core/java/com/android/server/audio/AudioService.java', [[3265, 3274, 10, 28]], [[3268, 3269, 2, 9]]], ['packages/SystemUI/src/com/android/systemui/statusbar/StatusBarMobileView.java', [[216, 216, 1, 2]], [[200, 202, 3, 13]]], ['services/tests/uiservicestests/src/com/android/server/notification/NotificationRecordTest.java', [[37, 38, 2, 0], [0, 0, 0, 0]], [[0, 0, 0, 0], [700, 715, 16, 50]]], ['packages/SystemUI/src/com/android/keyguard/KeyguardConstants.java', [[28, 30, 3, 0]], [[28, 30, 3, 0]]], ['services/core/java/com/android/server/am/ActivityManagerService.java', [[316, 318, 3, 0], [414, 416, 3, 0], [5169, 5367, 199, 473], [16164, 16180, 17, 33], [24608, 24613, 6, 16]], [[0, 0, 0, 0], [0, 0, 0, 0], [4397, 4399, 3, 13], [0, 0, 0, 0], [20218, 20219, 2, 7]]], ['packages/SettingsLib/tests/robotests/src/com/android/settingslib/fuelgauge/PowerWhitelistBackendTest.java', [[67, 67, 1, 6]], [[0, 0, 0, 0]]], ['services/core/java/com/android/server/am/AppTaskImpl.java', [[60, 60, 1, 1]], [[59, 59, 1, 2]]], ['services/core/java/com/android/server/ConnectivityService.java', [[6040, 6108, 69, 128]], [[275, 275, 1, 0]]], ['services/core/java/com/android/server/Watchdog.java', [[52, 52, 1, 0]], [[51, 54, 4, 0]]], ['services/core/java/com/android/server/wm/DisplayContent.java', [[3542, 3546, 5, 4]], [[0, 0, 0, 0]]], ['services/core/java/com/android/server/StorageManagerService.java', [[128, 131, 4, 0]], [[124, 125, 2, 0]]], ['telephony/java/android/telephony/ims/ImsReasonInfo.java', [[409, 418, 10, 0], [26, 26, 1, 0], [26, 26, 1, 0], [26, 26, 1, 0], [26, 26, 1, 0], [26, 26, 1, 0], [26, 26, 1, 0], [26, 26, 1, 0], [26, 26, 1, 0], [26, 26, 1, 0], [26, 26, 1, 0], [26, 26, 1, 0], [26, 26, 1, 0], [26, 26, 1, 0], [26, 26, 1, 0], [26, 26, 1, 0], [26, 26, 1, 0], [26, 26, 1, 0], [26, 26, 1, 0], [26, 26, 1, 0], [26, 26, 1, 0], [26, 27, 2, 0]], [[403, 405, 3, 0], [0, 0, 0, 0], [0, 0, 0, 0], [0, 0, 0, 0], [0, 0, 0, 0], [0, 0, 0, 0], [0, 0, 0, 0], [0, 0, 0, 0], [0, 0, 0, 0], [0, 0, 0, 0], [0, 0, 0, 0], [0, 0, 0, 0], [0, 0, 0, 0], [0, 0, 0, 0], [0, 0, 0, 0], [0, 0, 0, 0], [0, 0, 0, 0], [0, 0, 0, 0], [0, 0, 0, 0], [0, 0, 0, 0], [0, 0, 0, 0], [15, 15, 1, 0]]]]"
cd70ac0d6e3051aa7853827186e0e36ee97a1f7f,1,1,"[['services/core/java/com/android/server/am/ActivityRecord.java', [[793, 813, 21, 57]], [[781, 785, 5, 7]]]]"
73b0c4c50deb009c3b82699935657bca00f8c3a7,1,0,[]
6ac29fa64d74f59bb489e1c3df7ceedb7fefeeb3,1,0,[]
645ae5df5346c679626d708a62c0a24d6b294f1a,2,1,"[['core/java/android/view/Choreographer.java', [[276, 282, 7, 12]], [[273, 277, 5, 5]]]]"
b0fb644c3eaa60930300e3689e6652de7c21d4f7,2,2,"[['services/core/java/com/android/server/audio/AudioService.java', [[3679, 3709, 31, 75]], [[3737, 3744, 8, 20]]], ['services/core/java/com/android/server/am/ActivityRecord.java', [[2059, 2063, 5, 12]], [[1996, 1996, 1, 3]]]]"
59a28bc92ad55fd0c19ce28047f205978aed52ca,2,1,"[['services/core/java/com/android/server/am/ActivityManagerService.java', [[3512, 3513, 2, 16], [25070, 25072, 3, 9]], [[3478, 3485, 8, 29], [24948, 24955, 8, 18]]]]"
8fe131fbebf683623c5d0df4a70e99bc7a5441a5,1,0,[]
a9808279aa66eb64ea573100d13cf753bf293a4c,1,1,"[['packages/SettingsLib/src/com/android/settingslib/bluetooth/LocalBluetoothProfileManager.java', [[164, 171, 8, 21]], [[162, 168, 7, 21]]]]"
89c238d52cffb688583d7d716f8721bc8935ea91,1,1,"[['telephony/java/android/telephony/CarrierConfigManager.java', [[2104, 2105, 2, 0]], [[2087, 2087, 1, 0]]]]"
7a944b0e9be2d6f9ae3b7d0f02328607eb3907d7,3,0,[]
1452baeffa18c2760dac56bee26c20fa12a499a3,3,3,"[['services/core/java/com/android/server/ConnectivityService.java', [[5941, 5999, 59, 110]], [[0, 0, 0, 0]]], ['services/core/java/com/android/server/connectivity/tethering/TetheringConfiguration.java', [[28, 29, 2, 0], [91, 101, 11, 38]], [[0, 0, 0, 0], [103, 104, 2, 8]]], ['services/core/java/com/android/server/om/OverlayManagerSettings.java', [[183, 183, 1, 0], [183, 183, 1, 0]], [[185, 185, 1, 8], [185, 185, 1, 8]]]]"
8230fd25f1574aae5dc439f81b97342e9968e199,3,3,"[['services/core/java/com/android/server/connectivity/Tethering.java', [[212, 215, 4, 13], [300, 301, 2, 8], [323, 327, 5, 13], [1274, 1275, 2, 5], [1380, 1387, 8, 28], [2014, 2014, 1, 3]], [[234, 234, 1, 5], [313, 313, 1, 3], [335, 335, 1, 1], [1277, 1277, 1, 5], [1382, 1383, 2, 8], [2006, 2006, 1, 3]]], ['services/core/java/com/android/server/connectivity/tethering/IPv6TetheringCoordinator.java', [[223, 287, 65, 120]], [[0, 0, 0, 0]]], ['services/core/java/com/android/server/connectivity/tethering/TetherInterfaceStateMachine.java', [[719, 729, 11, 24]], [[686, 687, 2, 8]]]]"
2e25c298c5c5a069e5525397e99952d4d7f01b8b,1,1,"[['services/core/java/com/android/server/audio/AudioService.java', [[1422, 1425, 4, 14]], [[1426, 1426, 1, 0]]]]"
4f3815fffae8119b8607fe1e7ec8f00b095962ea,1,1,"[['services/core/java/com/android/server/am/ActivityManagerService.java', [[395, 396, 2, 0]], [[0, 0, 0, 0]]]]"
4646ace2d5aecc79f895d6273c928602852d7f12,8,5,"[['packages/SystemUI/src/com/android/systemui/statusbar/phone/KeyguardBottomAreaView.java', [[921, 924, 4, 7]], [[917, 926, 10, 26]]], ['telephony/java/com/android/internal/telephony/RILConstants.java', [[166, 170, 5, 0]], [[166, 167, 2, 0]]], ['packages/SystemUI/src/com/android/systemui/statusbar/phone/PanelView.java', [[54, 55, 2, 0]], [[0, 0, 0, 0]]], ['packages/SettingsProvider/src/com/android/providers/settings/DatabaseHelper.java', [[2604, 2605, 2, 5]], [[2604, 2605, 2, 5]]], ['packages/SystemUI/src/com/android/systemui/statusbar/SignalClusterView.java', [[672, 681, 10, 51], [687, 693, 7, 15], [737, 737, 1, 8]], [[634, 635, 2, 7], [641, 641, 1, 4], [666, 667, 2, 14]]]]"
595572aed3270fda20949d9c19381969d40ecfd4,6,4,"[['services/core/java/com/android/server/am/ActivityStack.java', [[1459, 1464, 6, 12]], [[0, 0, 0, 0]]], ['packages/SystemUI/src/com/android/systemui/statusbar/policy/TelephonyIcons.java', [[83, 85, 3, 0], [98, 100, 3, 0], [111, 112, 2, 0], [111, 112, 2, 0], [137, 139, 3, 0], [152, 154, 3, 0], [167, 169, 3, 0], [182, 184, 3, 0], [197, 199, 3, 0], [212, 214, 3, 0], [227, 229, 3, 0], [242, 244, 3, 0], [255, 661, 407, 930]], [[49, 49, 1, 0], [62, 62, 1, 0], [73, 73, 1, 0], [73, 73, 1, 0], [49, 49, 1, 0], [62, 62, 1, 0], [49, 49, 1, 0], [49, 49, 1, 0], [62, 62, 1, 0], [62, 62, 1, 0], [62, 62, 1, 0], [62, 62, 1, 0], [199, 201, 3, 0]]], ['packages/SystemUI/src/com/android/systemui/statusbar/phone/PanelView.java', [[53, 53, 1, 0], [230, 240, 11, 33]], [[53, 53, 1, 0], [0, 0, 0, 0]]], ['packages/SystemUI/src/com/android/systemui/statusbar/policy/MobileSignalController.java', [[271, 276, 6, 11], [836, 847, 12, 63], [853, 857, 5, 10]], [[254, 258, 5, 22], [582, 582, 1, 8], [588, 588, 1, 2]]]]"
30e547372fc6724d52056a45acd2ded265e32b2f,1,0,[]
4e4914b22b779e6376bb00ae20636175b2a70d8c,8,5,"[['telecomm/java/android/telecom/ConnectionService.java', [[184, 185, 2, 0]], [[185, 185, 1, 0]]], ['telecomm/java/android/telecom/Call.java', [[355, 359, 5, 0], [537, 538, 2, 6]], [[355, 356, 2, 0], [540, 541, 2, 6]]], ['packages/SystemUI/src/com/android/keyguard/KeyguardUpdateMonitor.java', [[144, 144, 1, 0], [334, 335, 2, 0], [802, 803, 2, 0]], [[144, 144, 1, 0], [336, 337, 2, 0], [804, 806, 3, 0]]], ['telecomm/java/android/telecom/Connection.java', [[331, 337, 7, 0]], [[333, 334, 2, 0]]], ['packages/SystemUI/src/com/android/systemui/statusbar/phone/PanelView.java', [[53, 54, 2, 0]], [[53, 53, 1, 0]]]]"
0d68733d6363c270aed49b9be40c2b8ca41c3c52,1,1,"[['services/usb/java/com/android/server/usb/UsbDeviceManager.java', [[1505, 1509, 5, 13]], [[1561, 1561, 1, 4]]]]"
af01b38e0a0664bc87b649248b0c13fbe0925193,5,1,"[['services/usb/java/com/android/server/usb/UsbDeviceManager.java', [[1346, 1350, 5, 18]], [[1233, 1239, 7, 9]]]]"
